Item,TotalMiles
1,467764.31807845
2,520950.356459252
3,418529.43408498
4,471483.324599005
5,613089.857981943
6,338432.74381217
7,654162.976293154
8,465070.542812818
9,385441.880195139
10,385761.522224907
